INSERT INTO produit (nom, attribut, volume)VALUES 
('bois de chêne' , false, 20),
('bois de sapin' , false, 30),
('PS5' , false,5),
('Xbox360' , false,4),
('tabouret' , false,9),
('chaise' , false,9),
('imprimante' , false,10),
('carte graphique' , false,1),
('ordinateur portable' , false,2),
('iphone 13' , false,1),
('trotinet xiaomi' , false,3),
('pantalon' , false,1),
(null , true,null),
(null , null, null),
(null , true, null),
('PSvita' , false ,1),
(null , false, null),
('electroblast 2000' , null, 3),
('banane' , true,2),
('mange' , true,2)
;

INSERT INTO cargaison (id_produit, quantite)VALUES 
(13, 200),
(1, 250),
(13, 620),
(10, 250),
(11, 20),
(1, 270),
(6, 260),
(10, 20),
(1, 20),
(1, 2470),
(12, 20),
( 8, 7820),
( 6, 280),
(13, 2078),
(1, 260),
(14, 20),
(1, 20),
(8, 2870),
(15, 20),
(1, 20),
(18, 2860),
(5, 20),
(19, 2860),
(1, 20),
(8, 2540),
(16, 20),
(3, 720),
(17, 20),
(1, 260),
(5, 209),
(2, 270),
(17, 10),
(1, 30),
(3, 80),
(6, null),
(7, 20),
(5, 20),
(18, 20),
(8, 20),
(6, 20),
(19, 20),
(null, 20),
(null, null),
(12, null),
(15, null)
;

INSERT INTO nation VALUES
('Chine', 'Asie'),
('Japon', 'Asie'),
('Corée du Sud', 'Asie'),
('Inde', 'Asie'),
('Indonésie', 'Asie'),
('Thaïlande', 'Asie'),
('Russie', 'Asie'),
('France', 'Europe'),
('Allemagne', 'Europe'),
('Espagne', 'Europe'),
('Italie', 'Europe'),
('Royaume-Uni', 'Europe'),
('Pologne', 'Europe'),
('Grèce', 'Europe'),
('Norvege', 'Europe'),
('Maroc', 'Afrique'),
('Nigeria', 'Afrique'),
('Afrique du Sud', 'Afrique'),
('Tunisie', 'Afrique'),
('Egypte', 'Afrique'),
('Madagascar', 'Afrique'),
('Guinée', 'Afrique'),
('Australie', 'Océanie'),
('Nouvelle-Zélande', 'Océanie'),
('Fidji', 'Océanie'),
('Canada', 'Amérique du Nord'),
('Mexique', 'Amérique du Nord'),
('Etats-Unis', 'Amérique du Nord'),
('Groenland', 'Amérique du Nord'),
('Cuba', 'Amérique du Nord'),
('Jamaïque', 'Amérique du Nord'),
('Brésil', 'Amérique du Sud'),
('Argentine', 'Amérique du Sud'),
('Colombie', 'Amérique du Sud'),
('Pérou', 'Amérique du Sud'),
('Chili', 'Amérique du Sud'),
('Venezuela', 'Amérique du Sud')
;

INSERT INTO relation VALUES
('Chine', 'Japon', 3),
('Japon', 'Chine', 3),
('Chine', 'Corée du Sud', 2),
('Corée du Sud', 'Chine', 2),
('Corée du Sud', 'Japon', 2),
('Japon', 'Corée du Sud', 2),
('Chine', 'Etats-Unis', 3),
('Etats-Unis', 'Chine', 3),
('France', 'Japon', 1),
('Japon', 'France', 1),
('Etats-Unis', 'Cuba', 4),
('Cuba', 'Etats-Unis', 4),
('Canada', 'Etats-Unis', 2),
('Etats-Unis', 'Canada', 2),
('Canada', 'France', 1),
('France', 'Canada', 1),
('Royaume-Uni', 'Etats-Unis', 3),
('Etats-Unis', 'Royaume-Uni', 3),
('Royaume-Uni', 'France', 2),
('France', 'Royaume-Uni', 2),
('Pologne', 'Allemagne', 3),
('Allemagne', 'Pologne', 3),
('Allemagne', 'France', 2),
('France', 'Allemagne', 2),
('Chine', 'Inde', 3),
('Inde', 'Chine', 3),
('Chine', 'Russie', 2),
('Russie', 'Chine', 2),
('Chine', 'France', 2),
('France', 'Chine', 2),
('Etats-Unis', 'Mexique', 4),
('Mexique', 'Etats-Unis', 4),
('Etats-Unis', 'Japon', 2),
('Argentine', 'Japon', 2),
('Chine', 'Argentine', 2),
('Argentine', 'Mexique', 2),
('Mexique', 'Argentine', 2),
('Espagne', 'France', 1),
('France', 'Espagne', 1)
;


INSERT INTO navire VALUES
(1, 'Cargos polyvalents' ,3 , 'Chine' ,20 ,35),
(2, 'Cargos polyvalents' ,2 , 'France' ,15 ,25),
(3, 'Cargos polyvalents' ,2 , 'Allemagne' ,15 ,25),
(4, 'Cargos polyvalents' ,2 , 'Japon' , 15,25),
(5, 'Cargos polyvalents' ,1 , 'Brésil' ,10 ,25),
(6, 'Cargos polyvalents' ,3 , 'Etats-Unis' ,20 ,35),
(7, 'Cargos polyvalents' ,3 , 'Corée du Sud' ,20 ,35),
(8, 'Cargos polyvalents' ,3 , 'Espagne' ,20 ,35),
(9, 'Porte-conteneurs' ,3 , 'Brésil' ,50 ,20),
(10, 'Porte-conteneurs' ,4 , 'Chine' ,50 ,20),
(11, 'Porte-conteneurs' ,3 , 'France' ,40 ,15),
(12, 'Porte-conteneurs' ,2 , 'Allemagne' ,30 ,10),
(13, 'Porte-conteneurs' ,4 , 'Etats-Unis' ,50 ,20),
(14, 'Navires frigorifiques' ,2 , 'Etats-Unis' ,15 ,20),
(15, 'Navires frigorifiques' ,1 , 'Italie' ,10 ,15),
(16, 'Navires frigorifiques' ,3 , 'Chine' ,20 ,25),
(17, 'Navires frigorifiques' ,2 , 'Argentine' ,15 ,20),
(18, 'Pétroliers' ,4 , 'Chine' ,40 ,35),
(19, 'Pétroliers' ,3 , 'Etats-Unis' ,30 ,30),
(20, 'Rouliers' ,3 , 'Royaume-Uni' ,20 ,50),
(21, 'Rouliers' ,2 , 'France' ,15 ,40),
(22, 'Rouliers' ,1, 'Canada' ,10 ,35),
(23, 'Navire à double-action' ,2 , 'Groenland' ,15 ,20)
;


INSERT INTO port VALUES
( 'Port de Ningbo-Zhoushan', 'Zhejiang','Chine', 5),
( 'Port de Shanghai', 'Shangai','Chine', 4),
( 'Port de Port Hedland', 'Port Hedland','Australie', 4),
( 'Port de Busan', 'Busan','Corée du Sud', 5),
( 'Port de la Louisiane du Sud', 'Louisiane du Sud','Etats-Unis', 5),
( 'Port de Gwangyang', 'Gwangyang','Corée du Sud', 4),
( 'Port de Nagoya', 'Nagoya','Japon', 4),
( 'Port de Chiba', 'Chiba','Japon', 3),
( 'Port de New York', 'New York','Etats-Unis', 2),
( 'Port de Itaguaí', 'Itaguaí','Brésil', 3),
( 'Port de Marseille', 'Marseille','France', 3),
( 'Port de Bremerhaven', 'Bremerhaven','Allemagne', 3),
( 'Port de Valence', 'Valence','Espagne', 2),
( 'Port du Havre', 'Havre','France', 3),
( 'Port de Richards Bay', 'Richards Bay','Afrique du Sud', 3),
( 'Port de Test', 'Test','France', 1)
;

INSERT INTO voyage VALUES 
('Port de Busan', 'Port de Chiba', '2022-12-31', '2023-01-01', 1, 20, 3, 'court', 'Asie', 0),
('Port de Shanghai', 'Port du Havre', '2022-12-30', '2023-01-01', 1, 20, 3, 'long', 'intercontinental', 1),
('Port de Chiba', 'Port de Marseille', '2022-11-22', '2022-12-01', 4, 10, 9, 'long', 'intercontinental', 2),
('Port du Havre', 'Port de New York', '2021-12-31', '2022-01-01', 8, 20, 6, 'moyen', 'intercontinental', 0),
('Port de Gwangyang', 'Port de Ningbo-Zhoushan', '2022-02-10', '2023-02-10', 7, 15, 7, 'court', 'Asie', 0),
('Port de Valence', 'Port du Havre', '2022-10-12', '2022-11-12', 8, 17, 1, 'court', 'Europe', 0),
('Port de New York', 'Port de Bremerhaven', '2022-12-31', '2023-01-05', 6, 20, 1, 'long', 'intercontinental', 1),
('Port de Busan', 'Port de Itaguaí', '2022-03-13', '2023-03-15', 7, 10, 12, 'long', 'intercontinental', 1),
('Port de Bremerhaven', 'Port du Havre','2022-07-13', '2023-07-14', 12, 20, 1, 'court', 'Europe', 0),
('Port de la Louisiane du Sud', 'Port de New York', '2022-12-31', '2023-01-01', 9, 14, 13, 'court', 'Amérique du Nord', 0),
('Port de Richards Bay', 'Port de Shanghai','2022-12-31', '2023-01-05', 16, 20, 20, 'moyen', 'intercontinental', 1),
('Port de Shanghai', 'Port de Bremerhaven', '2022-12-31', '2023-01-10', 1, 20, 11, 'long', 'intercontinental', 3),
('Port de Busan', 'Port de Port Hedland', '2022-08-05', '2022-08-31', 10, 20, 10, 'moyen', 'intercontinental', 1),
('Port de Test', 'Port de Test', '2022-05-30', '2023-05-30', 23, 0, 14, 'court', 'Europe', 0);

INSERT INTO escale VALUES 
(1, 'Port de Shanghai', 'Port du Havre', '2022-12-30', 1, 'Port de Richards Bay', 10, 10, 0, 2),
(2, 'Port de Chiba', 'Port de Marseille', '2022-11-22', 4, 'Port de Richards Bay', 5, 10, 2, 0),
(3, 'Port de Chiba', 'Port de Marseille', '2022-11-22', 4, 'Port de Valence', 15, 10, 5, 0),
(4, 'Port de New York', 'Port de Bremerhaven', '2022-12-31', 6, 'Port de Valence', 10, 10, 5, 0),
(5, 'Port de Shanghai', 'Port de Bremerhaven', '2022-12-31', 1, 'Port de Richards Bay', 10, 5, 2, 0),
(6, 'Port de Shanghai', 'Port de Bremerhaven', '2022-12-31', 1, 'Port de Valence', 10, 5, 4, 0),
(7, 'Port de Shanghai', 'Port de Bremerhaven', '2022-12-31', 1, 'Port du Havre', 10, 15, 6, 0);